{
  "logistic_regression": {
    "train": {
      "rows": 105778,
      "fraud_rows": 12077,
      "fraud_rate": 0.11417307946832045,
      "roc_auc": 0.8498322402577364,
      "pr_auc": 0.7426504779122303,
      "ks": 0.6582889769691307,
      "max_f1": 0.7713140944362732
    },
    "valid": {
      "rows": 22667,
      "fraud_rows": 1040,
      "fraud_rate": 0.04588167821061455,
      "roc_auc": 0.6309131036347017,
      "pr_auc": 0.12920463763453405,
      "ks": 0.24698338259511798,
      "max_f1": 0.25909878682842286
    },
    "test": {
      "rows": 22667,
      "fraud_rows": 1034,
      "fraud_rate": 0.045616976220937924,
      "roc_auc": 0.6450237972808396,
      "pr_auc": 0.13715971885752265,
      "ks": 0.294696627698513,
      "max_f1": 0.2757830404889228
    }
  },
  "xgboost": {
    "train": {
      "rows": 105778,
      "fraud_rows": 12077,
      "fraud_rate": 0.11417307946832045,
      "roc_auc": 0.874435116970528,
      "pr_auc": 0.7730231100565486,
      "ks": 0.6633778128815323,
      "max_f1": 0.7742392073602266
    },
    "valid": {
      "rows": 22667,
      "fraud_rows": 1040,
      "fraud_rate": 0.04588167821061455,
      "roc_auc": 0.6195752682722095,
      "pr_auc": 0.13443506299256835,
      "ks": 0.24602295563593934,
      "max_f1": 0.2603036876355748
    },
    "test": {
      "rows": 22667,
      "fraud_rows": 1034,
      "fraud_rate": 0.045616976220937924,
      "roc_auc": 0.6496270294479001,
      "pr_auc": 0.14690020435042117,
      "ks": 0.2953936339647295,
      "max_f1": 0.27580952380952384
    }
  }
}