signal,rows,row_share,fraud_rows,fraud_rate,baseline_fraud_rate,fraud_lift_vs_baseline,usage
FAST_PURCHASE_LE_1S,7600,0.05029382180104823,7600,1.0,0.09364577267192546,10.678538619178857,Candidate rule or monitoring evidence
FAST_PURCHASE_LE_2MIN,7600,0.05029382180104823,7600,1.0,0.09364577267192546,10.678538619178857,Candidate rule or monitoring evidence
FAST_PURCHASE_LE_15MIN,7609,0.05035338027423368,7602,0.9990800367985281,0.09364577267192546,10.668714756603714,Candidate rule or monitoring evidence
REPEATED_DEVICE_FULL_DATA_EDA,19331,0.12792498279421885,10141,0.5245977962857586,0.09364577267192546,5.601937827173596,EDA/correlation evidence only; full-data repeated ID signals must not enter production model
REPEATED_IP_FULL_DATA_EDA,8360,0.05532320398115305,7634,0.9131578947368421,0.09364577267192546,9.751191844355429,EDA/correlation evidence only; full-data repeated ID signals must not enter production model
UNMAPPED_IP_COUNTRY,21966,0.1453623802212928,1883,0.08572339069471001,0.09364577267192546,0.9154005381004182,Candidate rule or monitoring evidence
